"Group","PackageId","ModName","SourceRoot","RelevantTextureCount","Bytes"
"VanillaExpanded","OskarPotocki.VanillaFactionsExpanded.Core","Vanilla Expanded Framework","D:\Steam\steamapps\workshop\content\294100\2023507013","80","444597"
"VanillaExpanded","OskarPotocki.VanillaFactionsExpanded.SettlersModule","Vanilla Factions Expanded - Settlers","D:\Steam\steamapps\workshop\content\294100\2052918119","7","392444"
"VanillaExpanded","OskarPotocki.VanillaVehiclesExpanded","Vanilla Vehicles Expanded","D:\Steam\steamapps\workshop\content\294100\3014906877","16","98455"
"VanillaExpanded","OskarPotocki.VanillaVehiclesExpandedTier3","Vanilla Vehicles Expanded - Tier 3","D:\Steam\steamapps\workshop\content\294100\3047892432","2","11810"
"VanillaExpanded","OskarPotocki.VanillaVehiclesExpandedUpgrades","Vanilla Vehicles Expanded - Upgrades","D:\Steam\steamapps\workshop\content\294100\3302208420","0","0"
"VanillaExpanded","OskarPotocki.VFE.Deserters","Vanilla Factions Expanded - Deserters","D:\Steam\steamapps\workshop\content\294100\3025493377","20","83168"
"VanillaExpanded","OskarPotocki.VFE.Empire","Vanilla Factions Expanded - Empire","D:\Steam\steamapps\workshop\content\294100\2938820380","75","275482"
"VanillaExpanded","OskarPotocki.VFE.Medieval2","Vanilla Factions Expanded - Medieval 2","D:\Steam\steamapps\workshop\content\294100\3444347874","142","1932682"
"VanillaExpanded","OskarPotocki.VFE.Tribals","Vanilla Factions Expanded - Tribals","D:\Steam\steamapps\workshop\content\294100\3079786283","11","91657"
"FCP","Rick.FCP.Animals","FCP - Animals","D:\Steam\steamapps\common\RimWorld\Mods\FCP-Animals","0","0"
"FCP","Rick.FCP.BallisticWeapons","FCP - Ballistic Weapons","D:\Steam\steamapps\common\RimWorld\Mods\FCP-Ballistic-Weapons","0","0"
"FCP","Rick.FCP.BOS","FCP - Brotherhood of Steel","D:\Steam\steamapps\common\RimWorld\Mods\FCP-Brotherhood-of-Steel","17","143563"
"FCP","Rick.FCP.Chems","FCP - Chems","D:\Steam\steamapps\common\RimWorld\Mods\FCP-Chems","0","0"
"FCP","Rick.FCP.Core.Tools","FCP - Tools","D:\Steam\steamapps\common\RimWorld\Mods\FCP-Tools","63","24819882"
"FCP","Rick.FCP.Enclave","FCP - The Enclave","D:\Steam\steamapps\common\RimWorld\Mods\FCP-Enclave","12","199720"
"FCP","Rick.FCP.EnergyWeapons","FCP - Energy Weapons","D:\Steam\steamapps\common\RimWorld\Mods\FCP-Energy-Weapons","0","0"
"FCP","Rick.FCP.Ghouls","FCP - Ghouls","D:\Steam\steamapps\common\RimWorld\Mods\FCP-Ghouls","5","35290"
"FCP","Rick.FCP.GreatKhans","FCP - Great Khans","D:\Steam\steamapps\common\RimWorld\Mods\FCP-Great-Khans","1","8745"
"FCP","Rick.FCP.Legion","FCP - Caesars Legion","D:\Steam\steamapps\common\RimWorld\Mods\FCP-Caesars-Legion","11","215530"
"FCP","Rick.FCP.Lore","FCP - Lore","D:\Steam\steamapps\common\RimWorld\Mods\FCP-Lore","0","0"
"FCP","Rick.FCP.MeleeWeapons","FCP - Melee Weapons","D:\Steam\steamapps\common\RimWorld\Mods\FCP-Melee-Weapons","0","0"
"FCP","Rick.FCP.NCR","FCP - New California Republic","D:\Steam\steamapps\common\RimWorld\Mods\FCP-NCR","20","264213"
"FCP","Rick.FCP.NukaCola","FCP - Nuka Cola","D:\Steam\steamapps\common\RimWorld\Mods\FCP-Nuka-Cola","0","0"
"FCP","Rick.FCP.Plants","FCP - Plants","D:\Steam\steamapps\common\RimWorld\Mods\FCP-Plants","0","0"
"FCP","Rick.FCP.PowerArmor","FCP - Power Armors","D:\Steam\steamapps\common\RimWorld\Mods\FCP-Power-Armor","0","0"
"FCP","Rick.FCP.PreWarFood","FCP - Pre-War Food","D:\Steam\steamapps\common\RimWorld\Mods\FCP-Pre-War-Food","0","0"
"FCP","Rick.FCP.RadioTalkShow","Radio Talk Show","D:\Steam\steamapps\common\RimWorld\Mods\Radio-Talk-Show","0","0"
"FCP","Rick.FCP.Raiders","FCP - Raiders","D:\Steam\steamapps\common\RimWorld\Mods\FCP-Raiders","1","8066"
"FCP","Rick.FCP.UnarmedWeapons","FCP - Unarmed Weapons","D:\Steam\steamapps\common\RimWorld\Mods\FCP-Unarmed-Weapons","0","0"
"FCP","Rick.FCP.Wastelanders","FCP - Wastelanders","D:\Steam\steamapps\common\RimWorld\Mods\FCP-Wastelanders","1","8967"
"FCP","Rick.FCP.WastelandFood","FCP - Wasteland Food","D:\Steam\steamapps\common\RimWorld\Mods\FCP-Wasteland-Food","0","0"
"VanillaExpanded","VanillaExpanded.BaseGeneration","Vanilla Base Generation Expanded","D:\Steam\steamapps\workshop\content\294100\3209927822","0","0"
"VanillaExpanded","vanillaexpanded.gravship","Vanilla Gravship Expanded - Chapter 1","D:\Steam\steamapps\workshop\content\294100\3609835606","76","618497"
"VanillaExpanded","VanillaExpanded.HelixienGas","Vanilla Helixien Gas Expanded","D:\Steam\steamapps\workshop\content\294100\2877699803","5","48485"
"VanillaExpanded","VanillaExpanded.Ideo.Dryads","Vanilla Ideology Expanded - Dryads","D:\Steam\steamapps\workshop\content\294100\2720631512","0","0"
"VanillaExpanded","VanillaExpanded.Ideo.RelicsAndArtifacts","Vanilla Ideology Expanded - Relics and Artifacts","D:\Steam\steamapps\workshop\content\294100\2564895018","0","0"
"VanillaExpanded","vanillaexpanded.outposts","Vanilla Outposts Expanded","D:\Steam\steamapps\workshop\content\294100\2688941031","2","11593"
"VanillaExpanded","VanillaExpanded.Recycling","Vanilla Recycling Expanded","D:\Steam\steamapps\workshop\content\294100\3155781848","2","13032"
"VanillaExpanded","vanillaexpanded.skills","Vanilla Skills Expanded","D:\Steam\steamapps\workshop\content\294100\3400246558","2","1931"
"VanillaExpanded","VanillaExpanded.Temperature","Vanilla Temperature Expanded","D:\Steam\steamapps\workshop\content\294100\3202046258","13","129880"
"VanillaExpanded","VanillaExpanded.VAEAccessories","Vanilla Apparel Expanded — Accessories","D:\Steam\steamapps\workshop\content\294100\2521176396","0","0"
"VanillaExpanded","VanillaExpanded.VAERoy","Vanilla Animals Expanded — Royal Animals","D:\Steam\steamapps\workshop\content\294100\2858079457","0","0"
"VanillaExpanded","VanillaExpanded.VAEWaste","Vanilla Animals Expanded — Waste Animals","D:\Steam\steamapps\workshop\content\294100\2962126499","0","0"
"VanillaExpanded","VanillaExpanded.VanillaAnimalsExpanded","Vanilla Animals Expanded","D:\Steam\steamapps\workshop\content\294100\2871933948","0","0"
"VanillaExpanded","VanillaExpanded.VanillaAspirationsExpanded","Vanilla Aspirations Expanded","D:\Steam\steamapps\workshop\content\294100\3268401022","95","260403"
"VanillaExpanded","VanillaExpanded.VanillaBackstoriesExpanded","Vanilla Backstories Expanded","D:\Steam\steamapps\workshop\content\294100\2861806869","0","0"
"VanillaExpanded","VanillaExpanded.VanillaFoodVarietyExpanded","Vanilla Food Variety Expanded","D:\Steam\steamapps\workshop\content\294100\3334272487","4","7177"
"VanillaExpanded","VanillaExpanded.VanillaSocialInteractionsExpanded","Vanilla Social Interactions Expanded","D:\Steam\steamapps\workshop\content\294100\2439736083","1","3986"
"VanillaExpanded","VanillaExpanded.VanillaTraitsExpanded","Vanilla Traits Expanded","D:\Steam\steamapps\workshop\content\294100\2296404655","0","0"
"VanillaExpanded","VanillaExpanded.VAnomalyEInsanity","Vanilla Anomaly Expanded - Insanity","D:\Steam\steamapps\workshop\content\294100\3342412435","0","0"
"VanillaExpanded","VanillaExpanded.VBooksE","Vanilla Books Expanded","D:\Steam\steamapps\workshop\content\294100\2193152410","0","0"
"VanillaExpanded","VanillaExpanded.VBrewE","Vanilla Brewing Expanded","D:\Steam\steamapps\workshop\content\294100\2186560858","28","187664"
"VanillaExpanded","VanillaExpanded.VBrewECandT","Vanilla Brewing Expanded - Coffees and Teas","D:\Steam\steamapps\workshop\content\294100\2275449762","0","0"
"VanillaExpanded","VanillaExpanded.VCEF","Vanilla Fishing Expanded","D:\Steam\steamapps\workshop\content\294100\1914064942","6","58379"
"VanillaExpanded","VanillaExpanded.VCEFAddon","Vanilla Fishing Expanded - Fishing Treasures AddOn","D:\Steam\steamapps\workshop\content\294100\2468543398","0","0"
"VanillaExpanded","VanillaExpanded.VChemfuelE","Vanilla Chemfuel Expanded","D:\Steam\steamapps\workshop\content\294100\2792917473","6","48859"
"VanillaExpanded","VanillaExpanded.VCookE","Vanilla Cooking Expanded","D:\Steam\steamapps\workshop\content\294100\2134308519","13","76074"
"VanillaExpanded","VanillaExpanded.VCookEHaute","Vanilla Cooking Expanded - Haute","D:\Steam\steamapps\workshop\content\294100\3455694362","0","0"
"VanillaExpanded","VanillaExpanded.VCookEStews","Vanilla Cooking Expanded - Stews","D:\Steam\steamapps\workshop\content\294100\2134312965","4","32862"
"VanillaExpanded","VanillaExpanded.VCookESushi","Vanilla Cooking Expanded - Sushi","D:\Steam\steamapps\workshop\content\294100\2158539170","4","23211"
"VanillaExpanded","VanillaExpanded.VEE","Vanilla Events Expanded","D:\Steam\steamapps\workshop\content\294100\1938420742","1","3986"
"VanillaExpanded","VanillaExpanded.VExplorationE","Vanilla Landmarks Expanded","D:\Steam\steamapps\workshop\content\294100\3656316229","1","113"
"VanillaExpanded","VanillaExpanded.VFEArchitect","Vanilla Furniture Expanded - Architect","D:\Steam\steamapps\workshop\content\294100\2608762624","0","0"
"VanillaExpanded","VanillaExpanded.VFEArt","Vanilla Furniture Expanded - Art","D:\Steam\steamapps\workshop\content\294100\1968134023","0","0"
"VanillaExpanded","VanillaExpanded.VFECore","Vanilla Furniture Expanded","D:\Steam\steamapps\workshop\content\294100\1718190143","2","10684"
"VanillaExpanded","VanillaExpanded.VFEFactory","Vanilla Furniture Expanded - Factory","D:\Steam\steamapps\workshop\content\294100\3686924415","17","120308"
"VanillaExpanded","VanillaExpanded.VFEFarming","Vanilla Furniture Expanded - Farming","D:\Steam\steamapps\workshop\content\294100\1957158779","3","9424"
"VanillaExpanded","VanillaExpanded.VFEMedical","Vanilla Furniture Expanded - Medical Module","D:\Steam\steamapps\workshop\content\294100\1718191613","1","3986"
"VanillaExpanded","VanillaExpanded.VFEPower","Vanilla Furniture Expanded - Power","D:\Steam\steamapps\workshop\content\294100\2062943477","6","44740"
"VanillaExpanded","VanillaExpanded.VFEProduction","Vanilla Furniture Expanded - Production","D:\Steam\steamapps\workshop\content\294100\1880253632","0","0"
"VanillaExpanded","VanillaExpanded.VFEPropsandDecor","Vanilla Furniture Expanded - Props and Decor","D:\Steam\steamapps\workshop\content\294100\2102143149","45","192586"
"VanillaExpanded","VanillaExpanded.VFESecurity","Vanilla Furniture Expanded - Security","D:\Steam\steamapps\workshop\content\294100\1845154007","11","70385"
"VanillaExpanded","VanillaExpanded.VFESpacer","Vanilla Furniture Expanded - Spacer Module","D:\Steam\steamapps\workshop\content\294100\2028381079","5","10574"
"VanillaExpanded","VanillaExpanded.VGeneticsE","Vanilla Genetics Expanded","D:\Steam\steamapps\workshop\content\294100\2801160906","64","387086"
"VanillaExpanded","VanillaExpanded.VHE","Vanilla Hair Expanded","D:\Steam\steamapps\workshop\content\294100\1888705256","2","4756"
"VanillaExpanded","VanillaExpanded.VIEHAR","Vanilla Ideology Expanded - Hats and Rags","D:\Steam\steamapps\workshop\content\294100\2567387768","0","0"
"VanillaExpanded","VanillaExpanded.VMemesE","Vanilla Ideology Expanded - Memes and Structures","D:\Steam\steamapps\workshop\content\294100\2636329500","167","852257"
"VanillaExpanded","VanillaExpanded.VNutrientE","Vanilla Nutrient Paste Expanded","D:\Steam\steamapps\workshop\content\294100\2920385763","3","7276"
"VanillaExpanded","VanillaExpanded.VPE.Hemosage","Vanilla Psycasts Expanded - Hemosage","D:\Steam\steamapps\workshop\content\294100\2990596478","13","1602543"
"VanillaExpanded","VanillaExpanded.VPE.Puppeteer","Vanilla Psycasts Expanded - Puppeteer","D:\Steam\steamapps\workshop\content\294100\3033779606","12","2003264"
"VanillaExpanded","VanillaExpanded.VPersonaWeaponsE","Vanilla Persona Weapons Expanded","D:\Steam\steamapps\workshop\content\294100\2826922787","0","0"
"VanillaExpanded","VanillaExpanded.VPlantsE","Vanilla Plants Expanded","D:\Steam\steamapps\workshop\content\294100\2134308522","1","5577"
"VanillaExpanded","VanillaExpanded.VPlantsEMore","Vanilla Plants Expanded - More Plants","D:\Steam\steamapps\workshop\content\294100\2748889667","3","14475"
"VanillaExpanded","VanillaExpanded.VPlantsEMushrooms","Vanilla Plants Expanded - Mushrooms","D:\Steam\steamapps\workshop\content\294100\3006389281","1","4750"
"VanillaExpanded","VanillaExpanded.VPlantsESucculents","Vanilla Plants Expanded - Succulents","D:\Steam\steamapps\workshop\content\294100\2198652536","0","0"
"VanillaExpanded","VanillaExpanded.VPsycastsE","Vanilla Psycasts Expanded","D:\Steam\steamapps\workshop\content\294100\2842502659","221","53200309"
"VanillaExpanded","VanillaExpanded.VTEXE","Vanilla Textures Expanded","D:\Steam\steamapps\workshop\content\294100\2016436324","16","19216"
"VanillaExpanded","VanillaExpanded.VTEXVariations","Vanilla Textures Expanded - Variations","D:\Steam\steamapps\workshop\content\294100\2493234474","0","0"
"VanillaExpanded","VanillaExpanded.VWETB","Vanilla Weapons Expanded - Tribal","D:\Steam\steamapps\workshop\content\294100\2454918552","0","0"
"VanillaExpanded","vanillaquestsexpanded.ancients","Vanilla Quests Expanded - Ancients","D:\Steam\steamapps\workshop\content\294100\3618306875","48","289882"
"VanillaExpanded","vanillaquestsexpanded.cryptoforge","Vanilla Quests Expanded - Cryptoforge","D:\Steam\steamapps\workshop\content\294100\3461526070","15","153180"
"VanillaExpanded","vanillaquestsexpanded.deadlife","Vanilla Quests Expanded - Deadlife","D:\Steam\steamapps\workshop\content\294100\3497226454","12","67849"
"VanillaExpanded","vanillaquestsexpanded.generator","Vanilla Quests Expanded - The Generator","D:\Steam\steamapps\workshop\content\294100\3411401573","68","1108439"
"VanillaExpanded","vanillaracesexpanded.sanguophage","Vanilla Races Expanded - Sanguophage","D:\Steam\steamapps\workshop\content\294100\2963116383","32","136670"
